{"cameraMode":{"drawMode":0,"name":"Shaded","section":"Shading Mode"},"sceneLighting":true,"audioPlay":false,"sceneViewState":{"showFog":true,"showMaterialUpdate":false,"showSkybox":true,"showFlares":true,"showImageEffects":true,"showParticleSystems":true},"in2DMode":false,"pivot":{"x":7596.16748046875,"y":1143.2376708984375,"z":658.137939453125},"rotation":{"x":0.054865140467882159,"y":0.003997064661234617,"z":-0.0003067085926886648,"w":0.9984867572784424},"size":3122.765380859375,"orthographic":false}