{"cameraMode":{"drawMode":0,"name":"Shaded","section":"Shading Mode"},"sceneLighting":false,"audioPlay":false,"sceneViewState":{"showFog":true,"showMaterialUpdate":false,"showSkybox":false,"showFlares":true,"showImageEffects":true,"showParticleSystems":true},"in2DMode":false,"pivot":{"x":13.430999755859375,"y":14.540000915527344,"z":-2.2099990844726564},"rotation":{"x":-0.023714138194918634,"y":-0.008991129696369172,"z":0.00022573904425371438,"w":-0.999694287776947},"size":14.307284355163575,"orthographic":false}