{"cameraMode":{"drawMode":0,"name":"Shaded","section":"Shading Mode"},"sceneLighting":false,"audioPlay":false,"sceneViewState":{"showFog":true,"showMaterialUpdate":false,"showSkybox":false,"showFlares":true,"showImageEffects":true,"showParticleSystems":true},"in2DMode":false,"pivot":{"x":16.73964500427246,"y":-10.039308547973633,"z":52.37910461425781},"rotation":{"x":-0.12442822754383087,"y":-0.022327879443764688,"z":-0.0028133683372288944,"w":0.9919769763946533},"size":177.207275390625,"orthographic":false}