{"cameraMode":{"drawMode":0,"name":"Shaded","section":"Shading Mode"},"sceneLighting":false,"audioPlay":false,"sceneViewState":{"showFog":true,"showMaterialUpdate":false,"showSkybox":false,"showFlares":true,"showImageEffects":true,"showParticleSystems":true},"in2DMode":false,"pivot":{"x":19.974143981933595,"y":-4.923401355743408,"z":-12.174266815185547},"rotation":{"x":0.08639471977949143,"y":0.7811501622200012,"z":-0.11148955672979355,"w":0.608203113079071},"size":71.60993194580078,"orthographic":false}